Feature,Importance
num__Product Price,0.9280693528077997
num__order date (DateOrders),0.04856152514580349
num__Product Category Id,0.004255729449514926
num__Order Item Cardprod Id,0.004185713741943428
num__Category Id,0.0038472496078728285
num__Latitude,0.0014311712588787981
num__Longitude,0.001396867083600041
num__Order Item Profit Ratio,0.001330509152415207
num__shipping date (DateOrders),0.0009780714492539525
num__Order Day,0.0006672940785065541
num__Order Month,0.00027649541650436905
num__Days for shipping (real),0.00027222313288477007
num__Shipping Delay,0.00026278678568987686
num__Days for shipment (scheduled),0.00010304186022899245
cat__Customer Segment_Corporate,8.681391401887594e-05
cat__Customer Segment_Consumer,8.608061898166321e-05
cat__Customer Segment_Home Office,8.47956140933243e-05
cat__Order Country_Bolivia,8.262541969332304e-05
cat__Category Name_Women's Apparel,7.97237920327476e-05
cat__Order Weekday_Tuesday,7.588779902101572e-05
cat__Order Weekday_Friday,7.521860413921321e-05
cat__Order Weekday_Sunday,7.393611269917428e-05
cat__Order Weekday_Monday,7.114250740229798e-05
cat__Type_TRANSFER,7.089816682362735e-05
cat__Department Name_Golf,7.019785553783553e-05
cat__Order Weekday_Wednesday,6.909869611553828e-05
cat__Order Status_PENDING,6.898714258751183e-05
cat__Type_DEBIT,6.726958389981895e-05
num__Weekend Order,6.3246956160978e-05
cat__Delivery Status_Shipping on time,6.122990710176247e-05
cat__Order Weekday_Thursday,6.0207683348569274e-05
cat__Order Status_COMPLETE,6.016608598176263e-05
cat__Order Weekday_Saturday,5.862310893119281e-05
cat__Order Status_PROCESSING,5.7068798113069594e-05
cat__Shipping Mode_Second Class,5.646472573416355e-05
cat__Order Country_Turkmenistán,5.553530642539027e-05
cat__Order Country_Alemania,5.2779505686465674e-05
cat__Order Status_ON_HOLD,5.2028795073946056e-05
cat__Order Status_PENDING_PAYMENT,5.1288490181887906e-05
cat__Order Country_México,5.11530806411167e-05
cat__Type_PAYMENT,4.922141248157655e-05
num__Department Id,4.76634040418866e-05
cat__Category Name_Shop By Sport,4.4966167045912194e-05
cat__Category Name_Fitness Accessories,4.3923226033686545e-05
cat__Department Name_Outdoors,3.7963596130624094e-05
cat__Order Country_Italia,3.7483308864059166e-05
cat__Category Name_Cleats,3.702530357617023e-05
cat__Order Country_Nicaragua,3.625012637831707e-05
cat__Department Name_Apparel,3.5232956785550105e-05
cat__Delivery Status_Advance shipping,3.513969320908251e-05
cat__Order Region_Central America,3.5004452157833865e-05
cat__Order Status_SUSPECTED_FRAUD,3.4507006675166706e-05
cat__Delivery Status_Shipping canceled,3.444035008956578e-05
cat__Shipping Mode_First Class,3.387897707398212e-05
cat__Order Status_CLOSED,3.3781566263819595e-05
cat__Type_CASH,3.315270711468713e-05
cat__Order Region_South of  USA ,3.2829722770910986e-05
cat__Order Country_Finlandia,3.258517324865113e-05
cat__Order Region_Western Europe,3.102400813363598e-05
cat__Category Name_Electronics,3.083461149461357e-05
cat__Shipping Mode_Standard Class,2.99398993723483e-05
cat__Order Country_Francia,2.9708705787593877e-05
cat__Category Name_Golf Gloves,2.9525755143998133e-05
cat__Order Country_Haití,2.795702490816598e-05
cat__Delivery Status_Late delivery,2.7727606074542035e-05
cat__Order Status_PAYMENT_REVIEW,2.7669904332436e-05
cat__Order Region_South America,2.766631064130749e-05
cat__Market_Pacific Asia,2.755727984217732e-05
cat__Order Country_Argelia,2.744531655919537e-05
cat__Category Name_Girls' Apparel,2.683846955550877e-05
num__Late_delivery_risk,2.6240231946506743e-05
cat__Order Country_Etiopía,2.5996742673332195e-05
cat__Order Region_Northern Europe,2.5795110341801054e-05
cat__Order Country_Cuba,2.545486718995477e-05
cat__Order Country_Filipinas,2.5133320335589402e-05
cat__Order Country_Brasil,2.47670216281761e-05
cat__Order Country_Bosnia y Herzegovina,2.4666062653312284e-05
cat__Order Region_West of USA ,2.385319650306418e-05
cat__Order Country_Irak,2.350988945673036e-05
cat__Order Country_Australia,2.3189259108075427e-05
cat__Market_LATAM,2.2136178934714684e-05
cat__Department Name_Footwear,2.1311014492036074e-05
cat__Order Country_Guinea,2.1285909750368396e-05
cat__Order Country_Polonia,2.0842833791328158e-05
cat__Order Region_Southeast Asia,2.0753237212357053e-05
cat__Order Region_South Asia,1.970206538767039e-05
cat__Order Country_Países Bajos,1.894453841308528e-05
cat__Order Country_Honduras,1.8830380300709877e-05
cat__Order Region_Oceania,1.8494587973611537e-05
cat__Order Region_North Africa,1.7853102855551943e-05
cat__Order Country_El Salvador,1.7585268570954608e-05
cat__Order Country_Guatemala,1.7527816761068497e-05
cat__Order Status_CANCELED,1.7391232723898648e-05
cat__Order Country_Reino Unido,1.719660126036041e-05
cat__Order Country_China,1.718967502598777e-05
cat__Order Country_Irán,1.6908410676753788e-05
cat__Category Name_Hockey,1.6793206363886262e-05
cat__Order Country_Panamá,1.664088716186136e-05
cat__Category Name_Trade-In,1.6557920630397763e-05
cat__Order Region_US Center ,1.6430687532859147e-05
cat__Order Region_West Asia,1.6265200431335402e-05
cat__Order Country_Martinica,1.6096808639577573e-05
cat__Category Name_Accessories,1.6070880801190688e-05
cat__Order Country_Egipto,1.592190127676528e-05
cat__Order Country_Moldavia,1.5578443703312538e-05
cat__Order Country_Zambia,1.5504542897537336e-05
cat__Order Country_Colombia,1.526330665215354e-05
cat__Order Region_Southern Europe,1.522523222861903e-05
cat__Order Region_East Africa,1.4950847314916902e-05
cat__Market_Europe,1.4840406196031936e-05
cat__Order Country_India,1.4580607577787844e-05
cat__Order Country_Bélgica,1.4416324407150093e-05
cat__Market_Africa,1.4352495669381432e-05
cat__Shipping Mode_Same Day,1.3371488548552148e-05
cat__Category Name_Women's Golf Clubs,1.3363680776792243e-05
cat__Order Region_Eastern Europe,1.3076061838494931e-05
cat__Category Name_Cardio Equipment,1.2598564765991184e-05
cat__Order Country_Chile,1.2345037405351202e-05
cat__Order Country_Marruecos,1.2291488103734803e-05
cat__Order Country_Malasia,1.2266296404757654e-05
cat__Order Country_República Dominicana,1.2255027076771296e-05
cat__Order Country_Vietnam,1.224138906850085e-05
cat__Order Country_Suiza,1.2238084159878397e-05
cat__Order Country_Argentina,1.2108503237044114e-05
cat__Order Country_Noruega,1.2099047280113478e-05
cat__Order Country_España,1.1958118916312857e-05
cat__Category Name_Golf Balls,1.1738774839055397e-05
cat__Order Country_Tailandia,1.1625440197935994e-05
cat__Order Country_Bulgaria,1.1548804698250571e-05
cat__Order Country_Venezuela,1.1318281614111693e-05
cat__Order Country_Irlanda,1.1150941642987004e-05
cat__Order Country_Mauritania,1.1088533080053471e-05
cat__Order Country_Suecia,1.1034612072551874e-05
cat__Order Region_East of USA,1.0945438735064119e-05
cat__Order Country_Hong Kong,1.0891878154294266e-05
cat__Order Region_Eastern Asia,1.0819953487603398e-05
cat__Order Country_Indonesia,1.0690968271875652e-05
cat__Market_USCA,1.0544071540717423e-05
cat__Order Country_Rumania,1.0306130349151727e-05
cat__Order Country_Rusia,1.0129244923206869e-05
cat__Order Country_Arabia Saudí,1.004731632754891e-05
cat__Customer Country_Puerto Rico,9.862611834184363e-06
cat__Order Country_Turquía,9.803691034192416e-06
cat__Order Country_Estados Unidos,9.634138366188373e-06
cat__Department Name_Fan Shop,9.610040139393143e-06
cat__Category Name_Hunting & Shooting,9.608624594154468e-06
cat__Order Region_West Africa,9.346563964717772e-06
cat__Order Country_Israel,9.2977601873673e-06
cat__Order Country_Austria,9.276197168374818e-06
cat__Order Country_Senegal,9.196302425683639e-06
num__Order Year,9.141220286819418e-06
cat__Order Country_Ghana,8.97846840360654e-06
cat__Order Region_Caribbean,8.761167340502374e-06
cat__Order Country_Nigeria,8.587279742737927e-06
cat__Order Country_República Democrática del Congo,8.498218745409489e-06
cat__Order Region_Central Africa,8.276968704687649e-06
cat__Order Country_Corea del Sur,7.89771313094616e-06
cat__Category Name_Boxing & MMA,7.713253668252843e-06
cat__Order Country_Costa de Marfil,7.672870937545108e-06
cat__Order Country_Japón,7.352925290190665e-06
cat__Order Country_Pakistán,7.325463694999076e-06
cat__Order Country_Hungría,7.099397909327357e-06
cat__Category Name_Indoor/Outdoor Games,6.990780082262606e-06
cat__Order Country_Nueva Zelanda,6.954814804793239e-06
cat__Order Country_Dinamarca,6.857224710814597e-06
cat__Order Country_Tanzania,6.833377530419107e-06
cat__Order Country_Portugal,6.810932504263584e-06
cat__Order Country_Ucrania,6.722406589297934e-06
cat__Order Country_Sierra Leona,6.612975892553808e-06
cat__Order Country_Níger,6.581860113163991e-06
cat__Category Name_Golf Shoes,6.334556333238603e-06
cat__Order Country_Qatar,6.222068375208218e-06
cat__Order Country_Bielorrusia,6.135903668079229e-06
cat__Order Country_Perú,6.101451777407746e-06
cat__Order Country_Myanmar (Birmania),6.010172503331211e-06
cat__Customer Country_EE. UU.,5.913631646992175e-06
cat__Category Name_Lacrosse,5.871912936361271e-06
cat__Order Country_Costa Rica,5.777414579223086e-06
cat__Category Name_As Seen on  TV!,5.6914620410869e-06
cat__Order Country_Ruanda,5.491708699167302e-06
cat__Order Country_Bangladés,5.305488251297048e-06
cat__Order Region_Southern Africa,5.250397138931095e-06
cat__Category Name_Golf Apparel,5.230545581806609e-06
cat__Order Country_Túnez,5.203335246579278e-06
cat__Order Country_Camerún,5.1997973175107194e-06
cat__Order Country_Mozambique,4.7766321284542526e-06
cat__Order Country_Camboya,4.7419198743297205e-06
cat__Order Country_Canada,4.671698505978258e-06
cat__Order Country_Angola,4.595127007305271e-06
cat__Order Region_Central Asia,4.546398864063423e-06
cat__Order Country_Guadalupe,4.1155210284841245e-06
cat__Order Country_Grecia,4.111553646966359e-06
cat__Order Country_Ecuador,4.063090049785958e-06
cat__Order Country_Estonia,3.9378429277987285e-06
cat__Order Country_Azerbaiyán,3.836498815331348e-06
cat__Order Country_Siria,3.770235759178941e-06
cat__Order Region_Canada,3.5931912297081115e-06
cat__Order Country_Sri Lanka,3.5789554681906233e-06
cat__Order Country_SudAfrica,3.4572367318948544e-06
cat__Order Country_Kenia,3.3474779860609158e-06
cat__Order Country_Uganda,3.306301292083694e-06
cat__Order Country_Uruguay,3.216697967336225e-06
cat__Category Name_Men's Golf Clubs,3.0951421646750085e-06
cat__Order Country_Singapur,3.0057913374765216e-06
cat__Order Country_Sudán,2.882903745943203e-06
cat__Order Country_Trinidad y Tobago,2.8618314085275345e-06
cat__Category Name_Baseball & Softball,2.7841213114512336e-06
cat__Order Country_Armenia,2.7448190334666185e-06
cat__Category Name_Tennis & Racquet,2.610838761734619e-06
cat__Category Name_Kids' Golf Clubs,2.546045923421003e-06
cat__Department Name_Fitness,2.519302416196186e-06
cat__Order Country_Zimbabue,2.3981149578111233e-06
cat__Order Country_República Checa,2.2825012856001356e-06
cat__Order Country_Mongolia,2.208631523349948e-06
cat__Order Country_Lituania,2.2081939259917415e-06
cat__Order Country_Papúa Nueva Guinea,2.0809679207360455e-06
cat__Order Country_Guyana,2.0569683424265536e-06
cat__Order Country_Omán,2.0209226748589205e-06
cat__Order Country_Benín,1.9779901461202744e-06
cat__Order Country_Uzbekistán,1.6736361769748128e-06
cat__Order Country_Liberia,1.5934642350819856e-06
cat__Order Country_Paraguay,1.5870088888144165e-06
cat__Order Country_Barbados,1.5460022540725041e-06
cat__Order Country_Jamaica,1.501687644493976e-06
cat__Order Country_Georgia,1.264036348807833e-06
cat__Order Country_Kazajistán,1.242200320929279e-06
cat__Order Country_Jordania,1.1815342084414448e-06
cat__Order Country_Yibuti,1.1608468016650174e-06
cat__Order Country_Mali,1.1332157123268093e-06
cat__Order Country_Somalia,1.1102843515027575e-06
cat__Order Country_Madagascar,1.0716082076871858e-06
cat__Order Country_Eslovenia,7.460024176279986e-07
cat__Order Country_Lesoto,6.949756673907514e-07
cat__Category Name_Soccer,6.231330259946083e-07
cat__Order Country_Libia,6.150780158223707e-07
cat__Order Country_Namibia,6.016772948500532e-07
cat__Order Country_Eslovaquia,5.826133855429143e-07
cat__Order Country_Albania,5.603345923802494e-07
cat__Order Country_Togo,5.424234888735071e-07
cat__Order Country_Yemen,5.331500738532112e-07
cat__Order Country_Croacia,4.850869428197876e-07
cat__Order Country_Gabón,4.842359465161933e-07
cat__Order Country_Afganistán,4.625203276757623e-07
cat__Order Country_Kirguistán,4.219655352931839e-07
cat__Category Name_Toys,0.0
cat__Order Country_Guinea Ecuatorial,0.0
cat__Category Name_Sporting Goods,0.0
cat__Order Country_Guayana Francesa,0.0
cat__Category Name_Strength Training,0.0
cat__Category Name_Water Sports,0.0
cat__Category Name_Video Games,0.0
cat__Department Name_Pet Shop,0.0
cat__Department Name_Technology,0.0
cat__Order Country_Emiratos Árabes Unidos,0.0
cat__Order Country_Chad,0.0
cat__Department Name_Book Shop,0.0
cat__Department Name_Discs Shop,0.0
cat__Order Country_Bután,0.0
cat__Order Country_Burundi,0.0
cat__Order Country_Burkina Faso,0.0
cat__Order Country_Botsuana,0.0
cat__Order Country_Belice,0.0
num__Product Status,0.0
cat__Order Country_Baréin,0.0
cat__Order Country_Eritrea,0.0
cat__Order Country_Chipre,0.0
cat__Department Name_Health and Beauty ,0.0
cat__Order Country_Guinea-Bissau,0.0
cat__Category Name_Women's Clothing,0.0
cat__Order Country_Líbano,0.0
cat__Order Country_Luxemburgo,0.0
cat__Order Country_Laos,0.0
cat__Order Country_Kuwait,0.0
cat__Order Country_Suazilandia,0.0
cat__Order Country_Serbia,0.0
cat__Order Country_República de Gambia,0.0
cat__Order Country_República del Congo,0.0
cat__Order Country_Nepal,0.0
cat__Order Country_República Centroafricana,0.0
cat__Order Country_Macedonia,0.0
cat__Order Country_Montenegro,0.0
cat__Order Country_Sudán del Sur,0.0
cat__Category Name_Men's Clothing,0.0
cat__Category Name_Health and Beauty,0.0
cat__Category Name_Golf Bags & Carts,0.0
cat__Order Country_Sáhara Occidental,0.0
cat__Order Country_Surinam,0.0
cat__Order Country_Tayikistán,0.0
cat__Order Country_Taiwán,0.0
cat__Category Name_Men's Footwear,0.0
cat__Category Name_CDs ,0.0
cat__Category Name_Music,0.0
cat__Category Name_Pet Supplies,0.0
cat__Category Name_Cameras ,0.0
cat__Category Name_Camping & Hiking,0.0
cat__Category Name_Children's Clothing,0.0
cat__Category Name_Computers,0.0
cat__Category Name_Fishing,0.0
cat__Category Name_DVDs,0.0
cat__Category Name_Crafts,0.0
cat__Category Name_Consumer Electronics,0.0
cat__Category Name_Baby ,0.0
cat__Category Name_Garden,0.0
cat__Category Name_Books ,0.0
cat__Category Name_Basketball,0.0
